date,filename,download,unit_download,download_unit_source,upload,unit_upload,upload_unit_source,det_conf,ocr_conf,qms_detected,qms_conf
2026-03-21T21:50:37.846269,2026-02-03_21-47-13.png,97.86,Mbit/s,detected,146.19,Mbit/s,detected,0.7781,0.9956,True,0.7852
2026-03-21T21:50:38.664280,2026-02-03_21-49-50.png,9921.0,Mbit/s,detected,7996.0,Mbit/s,copied,0.7587,0.9908,True,0.9158
2026-03-21T21:50:39.537294,2026-02-03_21-53-46.png,99.21,Mbit/s,detected,117.41,Mbit/s,detected,0.7892,0.9996,True,0.8230
2026-03-21T21:50:40.461307,2026-02-03_21-55-39.png,6306.0,Mbit/s,default,6620.0,Mbit/s,default,0.7656,0.2181,True,0.9648
2026-03-21T21:50:41.358320,2026-02-03_21-56-23.png,9336.0,Mbit/s,default,10733.0,Mbit/s,default,0.6637,0.8349,True,0.9679
2026-03-21T21:50:42.199353,2026-02-03_23-57-36.png,98.92,Mbit/s,default,12970.0,Mbit/s,default,0.4819,0.4794,True,0.9612
2026-03-21T21:50:43.166347,2026-02-04_00-00-31.png,9567.0,Mbit/s,default,10574.0,Mbit/s,default,0.6792,0.8485,True,0.9676
2026-03-21T21:50:43.966377,2026-02-04_00-01-54.png,10002.0,Mbit/s,detected,98.0,Mbit/s,detected,0.7446,0.7958,True,0.3939
2026-03-21T21:50:44.843370,2026-02-04_00-03-16.png,9846.0,Mbit/s,default,8708.0,Mbit/s,default,0.7401,0.9912,True,0.9424
2026-03-21T21:50:45.799389,cm_ord47608739-order_attachments_18515517.jpg,1.0,Mbit/s,detected,0.0,Mbit/s,detected,0.7313,0.8592,True,0.7618
2026-03-21T21:50:46.871412,cm_ord47615296-order_attachments_18516793.jpg,1.0,Mbit/s,detected,185.04,Mbit/s,detected,0.7535,0.9956,True,0.8540
2026-03-21T21:50:47.941417,cm_ord47623114-order_attachments_18515137.jpg,1.0,Mbit/s,detected,9710.0,Mbit/s,detected,0.6823,0.9196,True,0.6610
2026-03-21T21:50:48.915429,cm_ord47632049-order_attachments_18513976.jpg,19.0,Mbit/s,default,23.0,Mbit/s,default,0.7194,0.8897,True,0.8644
2026-03-21T21:50:49.693441,cm_ord47633902-order_attachments_18516064.jpg,289.91,Mbit/s,detected,242.31,Mbit/s,detected,0.7192,0.8983,True,0.6561
2026-03-21T21:50:50.412451,cm_ord47635650-order_attachments_18514303.jpg,280.19,Mbit/s,detected,308.08,Mbit/s,detected,0.7669,0.9999,True,0.7581
2026-03-21T21:50:51.665470,cm_ord47642533-order_attachments_18496919.jpg,316.08,Mbit/s,detected,317.25,Mbit/s,detected,0.8899,0.8507,True,0.3492
2026-03-21T21:50:52.552483,cm_ord47644364-order_attachments_18513640.jpg,56.74,Mbit/s,detected,53.27,Mbit/s,detected,0.7537,0.9843,True,0.7712
2026-03-21T21:50:53.454496,cm_ord47646024-order_attachments_18513921.jpg,81.01,Mbit/s,detected,82.6,Mbit/s,detected,0.7421,0.8952,True,0.7237
2026-03-21T21:50:54.338508,cm_ord47648215-order_attachments_18517270.jpg,683.75,Mbit/s,detected,0.0,Mbit/s,detected,0.6363,0.6050,True,0.8712
2026-03-21T21:50:55.270521,cm_ord47648753-order_attachments_18499525.jpg,497.04,Mbit/s,detected,532.36,Mbit/s,detected,0.6315,0.9961,True,0.6736
2026-03-21T21:50:56.049534,cm_ord47649076-order_attachments_18514127.jpg,74.77,Mbit/s,detected,0.0,Mbit/s,detected,0.7269,0.7660,True,0.7457
2026-03-21T21:50:57.138551,cm_ord47650231-order_attachments_18514703.jpg,7.0,Mbit/s,detected,368.43,Mbit/s,detected,0.6662,0.9805,True,0.6045
2026-03-21T21:50:58.137564,cm_ord47650573-order_attachments_18514314.jpg,17725.0,Mbit/s,detected,0.0,Mbit/s,detected,0.6317,0.8716,True,0.6521
2026-03-21T21:50:59.499583,cm_ord47651335-order_attachments_18514614.jpg,108.75,Mbit/s,detected,5720.0,Mbit/s,detected,0.6633,0.9923,True,0.5774
2026-03-21T21:51:01.032606,cm_ord47653595-order_attachments_18514546.jpg,238.16,Mbit/s,detected,243.07,Mbit/s,detected,0.8062,0.9644,True,0.8737
2026-03-21T21:51:02.365626,cm_ord47654307-order_attachments_18514946.jpg,19.0,Mbit/s,detected,313.78,Mbit/s,detected,0.7321,0.9365,True,0.8758
2026-03-21T21:51:03.409639,cm_ord47654338-order_attachments_18514455.jpg,1.0,Mbit/s,detected,313.9,Mbit/s,detected,0.6172,0.8835,True,0.7203
2026-03-21T21:51:04.340172,cm_ord47654393-order_attachments_18516657.jpg,1.0,Mbit/s,detected,196.56,Mbit/s,detected,0.7542,0.9990,True,0.8838
2026-03-21T21:51:05.333707,cm_ord47654901-order_attachments_18513824.jpg,300.58,Mbit/s,detected,28756.0,Mbit/s,detected,0.7520,0.9966,True,0.8837
2026-03-21T21:51:06.196721,cm_ord47655091-order_attachments_18514116.jpg,33742.0,Mbit/s,detected,0.0,Mbit/s,detected,0.6487,0.7975,True,0.7667
2026-03-21T21:51:07.114731,cm_ord47655676-order_attachments_18497742.jpg,209.39,Mbit/s,detected,139.65,Mbit/s,detected,0.7469,0.9609,True,0.8720
2026-03-21T21:51:07.967744,cm_ord47655760-order_attachments_18514178.jpg,10435.0,Mbit/s,detected,9974.0,Mbit/s,detected,0.7325,0.9986,True,0.6821
2026-03-21T21:51:08.853758,cm_ord47655916-order_attachments_18513691.jpg,23.01,Mbit/s,detected,2710.0,Mbit/s,detected,0.6953,0.9877,True,0.7923
2026-03-21T21:51:09.781772,cm_ord47656262-order_attachments_18516042.jpg,108.75,Mbit/s,detected,5720.0,Mbit/s,detected,0.6633,0.9923,True,0.5774
2026-03-21T21:51:10.834312,cm_ord47656309-order_attachments_18516319.jpg,1.0,Mbit/s,detected,258.81,Mbit/s,detected,0.7866,0.7428,True,0.8744
2026-03-21T21:51:11.839327,cm_ord47656457-order_attachments_18514411.jpg,203.96,Mbit/s,detected,263.9,Mbit/s,detected,0.7472,0.9374,True,0.7164
2026-03-21T21:51:12.886876,cm_ord47656569-order_attachments_18516273.jpg,19.0,Mbit/s,detected,313.78,Mbit/s,detected,0.7321,0.9365,True,0.8758
2026-03-21T21:51:13.740887,cm_ord47657131-order_attachments_18514548.jpg,24.93,Mbit/s,detected,0.0,Mbit/s,detected,0.6504,0.7546,True,0.7332
2026-03-21T21:51:15.031907,cm_ord47657299-order_attachments_18515642.jpg,1.0,Mbit/s,detected,92.13,Mbit/s,detected,0.7185,0.9751,True,0.8889
2026-03-21T21:51:16.015921,cm_ord47657314-order_attachments_18513804.jpg,6791.0,Mbit/s,detected,0.0,Mbit/s,detected,0.7254,0.6651,True,0.7956
2026-03-21T21:51:16.916936,cm_ord47657568-order_attachments_18514674.jpg,321.98,Mbit/s,detected,380.21,Mbit/s,detected,0.7094,0.9135,True,0.8440
2026-03-21T21:51:18.228983,cm_ord47657585-order_attachments_18516619.jpg,1.0,Mbit/s,detected,1.0,Mbit/s,detected,0.6121,0.8973,True,0.7240
2026-03-21T21:51:19.138995,cm_ord47657657-order_attachments_18513830.jpg,0.0,Mbit/s,detected,151.58,Mbit/s,detected,0.6264,0.9447,True,0.6882
2026-03-21T21:51:20.034011,cm_ord47657787-order_attachments_18514718.jpg,86.86,Mbit/s,detected,126.62,Mbit/s,detected,0.6711,0.9735,True,0.6855
2026-03-21T21:51:21.157948,cm_ord47657816-order_attachments_18513900.jpg,465.6,Mbit/s,detected,510.17,Mbit/s,detected,0.7447,0.9881,True,0.7555
2026-03-21T21:51:22.224963,cm_ord47657851-order_attachments_18514652.jpg,296.55,Mbit/s,detected,14.0,Mbit/s,detected,0.6872,0.9711,True,0.6556
2026-03-21T21:51:23.232979,cm_ord47657911-order_attachments_18515254.jpg,1.0,Mbit/s,detected,291.71,Mbit/s,detected,0.6401,0.9741,True,0.7515
2026-03-21T21:51:24.046991,cm_ord47657972-order_attachments_18514888.jpg,612.55,Mbit/s,detected,711.52,Mbit/s,detected,0.7142,0.8773,True,0.8074
2026-03-21T21:51:24.935513,cm_ord47658083-order_attachments_18515392.jpg,101.19,Mbit/s,detected,59.26,Mbit/s,detected,0.7468,0.9586,True,0.7232
2026-03-21T21:51:26.171533,cm_ord47658225-order_attachments_18513964.jpg,234.97,Mbit/s,detected,5.0,Mbit/s,detected,0.8016,0.9949,True,0.8391
2026-03-21T21:51:27.113543,cm_ord47658408-order_attachments_18514162.jpg,154.13,Mbit/s,detected,0.0,Mbit/s,detected,0.6414,0.6888,True,0.8030
2026-03-21T21:51:27.907555,cm_ord47658461-order_attachments_18516766.jpg,21795.0,Mbit/s,detected,133.11,Mbit/s,detected,0.7384,0.9597,True,0.7217
2026-03-21T21:51:28.867569,cm_ord47658468-order_attachments_18516513.jpg,1.0,Mbit/s,detected,233.09,Mbit/s,detected,0.6190,0.8926,True,0.7209
2026-03-21T21:51:29.713581,cm_ord47658487-order_attachments_18514727.jpg,232.58,Mbit/s,detected,285.86,Mbit/s,detected,0.7283,0.9939,True,0.6966
2026-03-21T21:51:30.683595,cm_ord47658669-order_attachments_18514776.jpg,1.0,Mbit/s,detected,1.0,Mbit/s,detected,0.6389,0.8821,True,0.7145
2026-03-21T21:51:31.773611,cm_ord47658768-order_attachments_18514825.jpg,1.0,Mbit/s,detected,249.45,Mbit/s,detected,0.7640,0.9762,True,0.9489
2026-03-21T21:51:32.772625,cm_ord47658912-order_attachments_18514499.jpg,1.0,Mbit/s,detected,36.47,Mbit/s,detected,0.6832,0.9380,True,0.6745
2026-03-21T21:51:33.689645,cm_ord47658966-order_attachments_18515125.jpg,160.46,Mbit/s,detected,260.24,Mbit/s,detected,0.6837,0.9940,True,0.7082
2026-03-21T21:51:34.651652,cm_ord47659032-order_attachments_18516697.jpg,33122.0,Mbit/s,detected,628.78,Mbit/s,detected,0.6950,0.8004,True,0.8888
2026-03-21T21:51:35.583667,cm_ord47659409-order_attachments_18516203.jpg,203.96,Mbit/s,detected,263.9,Mbit/s,detected,0.7472,0.9374,True,0.7164
2026-03-21T21:51:36.770685,cm_ord47659501-order_attachments_18514668.jpg,206.58,Mbit/s,detected,0.0,Mbit/s,detected,0.6389,0.7072,True,0.7817
2026-03-21T21:51:37.737697,cm_ord47659537-order_attachments_18515293.jpg,210.61,Mbit/s,detected,0.0,Mbit/s,detected,0.6341,0.8716,True,0.6491
2026-03-21T21:51:38.668711,cm_ord47659560-order_attachments_18515063.jpg,186.92,Mbit/s,detected,208.79,Mbit/s,detected,0.7576,0.8570,True,0.8179
2026-03-21T21:51:39.455722,cm_ord47659971-order_attachments_18514194.jpg,6.8,Mbit/s,detected,0.0,Mbit/s,detected,0.7274,0.7805,True,0.7149
2026-03-21T21:51:40.394737,cm_ord47660078-order_attachments_18514362.jpg,253.45,Mbit/s,detected,292.68,Mbit/s,detected,0.7098,0.9690,True,0.6981
2026-03-21T21:51:41.432752,cm_ord47660221-order_attachments_18513623.jpg,1.0,Mbit/s,detected,522.36,Mbit/s,detected,0.7694,0.9952,True,0.9270
2026-03-21T21:51:42.441766,cm_ord47660399-order_attachments_18514082.jpg,1.0,Mbit/s,detected,91.16,Mbit/s,detected,0.7393,0.9300,True,0.6723
2026-03-21T21:51:43.334778,cm_ord47660481-order_attachments_18515545.jpg,33742.0,Mbit/s,detected,0.0,Mbit/s,detected,0.6487,0.7975,True,0.7667
2026-03-21T21:51:44.191795,cm_ord47661427-order_attachments_18516367.jpg,27.42,Mbit/s,detected,39.67,Mbit/s,detected,0.7391,0.9981,True,0.7424
2026-03-21T21:51:45.267809,photo_2026-02-04_09-43-09.jpg,79.16,Mbit/s,detected,5.0,Mbit/s,detected,0.7202,0.9429,True,0.8941
2026-03-21T21:51:47.120833,photo_2026-02-04_09-43-10.jpg,79.16,Mbit/s,detected,94.19,Mbit/s,detected,0.7306,0.9997,True,0.9488
2026-03-21T21:51:49.209866,photo_2026-02-04_09-43-11.jpg,139.25,Mbit/s,detected,94.55,Mbit/s,detected,0.7464,0.9822,True,0.6698
2026-03-21T21:51:51.812903,photo_2026-02-04_09-43-12.jpg,82.91,Mbit/s,detected,134.69,Mbit/s,detected,0.7715,1.0000,True,0.8819
2026-03-21T21:51:53.782931,photo_2026-02-04_09-43-13.jpg,82.91,Mbit/s,detected,101.23,Mbit/s,detected,0.7892,0.9994,True,0.9449
2026-03-21T21:51:54.890946,photo_2026-02-04_09-43-14.jpg,82.91,Mbit/s,detected,1.0,Mbit/s,detected,0.6070,0.9796,True,0.9374
2026-03-21T21:51:56.190966,photo_2026-02-04_09-43-15.jpg,139.25,Mbit/s,detected,94.18,Mbit/s,detected,0.7332,0.9303,True,0.8327
2026-03-21T21:51:58.934008,photo_2026-02-04_09-43-16.jpg,5.0,Mbit/s,detected,9435.0,Mbit/s,copied,0.8572,0.2773,True,0.7661
2026-03-21T21:52:00.310026,photo_2026-02-04_09-43-17.jpg,116.06,Mbit/s,detected,91.37,Mbit/s,detected,0.6566,0.9905,True,0.9017
2026-03-21T21:52:01.992049,photo_2026-02-04_09-43-19.jpg,11606.0,Mbit/s,detected,87.42,Mbit/s,detected,0.7238,0.8447,True,0.6106
