epoch,time,train/box_loss,train/cls_loss,train/dfl_loss,metrics/precision(B),metrics/recall(B),metrics/mAP50(B),metrics/mAP50-95(B),val/box_loss,val/cls_loss,val/dfl_loss,lr/pg0,lr/pg1,lr/pg2
1,91.9736,1.75397,3.42547,1.45055,0.00469,0.74952,0.25708,0.16188,1.27143,3.56355,1.14109,0.000466807,0.000466807,0.000466807
2,176.961,1.30304,2.16911,1.15435,0.57395,0.37483,0.53378,0.33169,1.29921,2.46758,1.1243,0.000933803,0.000933803,0.000933803
3,264,1.21709,1.7982,1.10942,0.5517,0.6637,0.61464,0.35063,1.32022,2.13833,1.11182,0.00139137,0.00139137,0.00139137
4,348.806,1.23767,1.69743,1.12926,0.64213,0.62859,0.60433,0.37573,1.30855,1.97046,1.13601,0.00138656,0.00138656,0.00138656
5,435.057,1.27591,1.56981,1.11435,0.61606,0.76046,0.70414,0.44134,1.14806,1.74822,1.07687,0.00137241,0.00137241,0.00137241
6,517.138,1.17615,1.39538,1.11026,0.74512,0.79129,0.73312,0.49456,1.19552,1.35752,1.08009,0.00135826,0.00135826,0.00135826
7,598.966,1.18719,1.32671,1.0894,0.68385,0.80556,0.75918,0.49499,1.16721,1.277,1.04871,0.00134412,0.00134412,0.00134412
8,681.397,1.18319,1.26157,1.08912,0.64623,0.87007,0.76953,0.51066,1.10222,1.35492,1.0502,0.00132997,0.00132997,0.00132997
9,762.581,1.16126,1.22619,1.08317,0.71203,0.88739,0.79485,0.51986,1.18135,1.15824,1.06658,0.00131582,0.00131582,0.00131582
10,842.989,1.14201,1.1204,1.07035,0.71605,0.89871,0.76515,0.51896,1.12721,1.13057,1.04807,0.00130168,0.00130168,0.00130168
11,920.575,1.09968,1.10055,1.06597,0.77981,0.90551,0.85483,0.62011,1.08133,1.03473,1.0176,0.00128753,0.00128753,0.00128753
12,998.859,1.10115,1.09354,1.05559,0.78057,0.86371,0.81711,0.57029,1.0786,1.09208,1.06039,0.00127338,0.00127338,0.00127338
13,1078.47,1.10777,1.03926,1.06556,0.7584,0.89601,0.81372,0.57524,1.10571,0.96791,1.02805,0.00125923,0.00125923,0.00125923
14,1160.68,1.0763,1.00626,1.04939,0.79227,0.90948,0.85549,0.63379,1.04811,0.97241,1.03242,0.00124509,0.00124509,0.00124509
15,1244.25,1.11837,0.97228,1.06062,0.82399,0.88997,0.86572,0.62327,1.07978,0.83546,1.02907,0.00123094,0.00123094,0.00123094
16,1330.38,1.07964,0.92854,1.048,0.7661,0.9562,0.88017,0.63846,1.11593,0.89288,1.02997,0.00121679,0.00121679,0.00121679
17,1414.41,1.06645,0.91304,1.04746,0.87669,0.78392,0.86724,0.6204,1.13954,0.87394,1.02117,0.00120265,0.00120265,0.00120265
18,1497.18,1.04487,0.87851,1.04257,0.78986,0.95676,0.88912,0.67662,1.07336,0.80561,1.01004,0.0011885,0.0011885,0.0011885
19,1577.92,1.0768,0.89272,1.03125,0.91151,0.81485,0.88883,0.65127,1.03406,0.79024,1.01837,0.00117435,0.00117435,0.00117435
20,1658.42,1.01655,0.88292,1.0293,0.85974,0.85378,0.9001,0.68085,1.02193,0.76101,0.99427,0.00116021,0.00116021,0.00116021
21,1740.69,1.00521,0.81578,1.01741,0.82108,0.97651,0.90137,0.66585,1.0653,0.78254,0.99759,0.00114606,0.00114606,0.00114606
22,1823.32,1.03366,0.83651,1.01769,0.81336,0.95878,0.8947,0.66958,1.03415,0.74939,0.98079,0.00113191,0.00113191,0.00113191
23,1906.83,0.99861,0.80181,1.03877,0.84988,0.86282,0.89951,0.67411,1.02151,0.7532,1.00858,0.00111776,0.00111776,0.00111776
24,1994.86,0.98448,0.78512,1.00668,0.79195,0.96944,0.88344,0.66774,0.99244,0.75104,0.96464,0.00110362,0.00110362,0.00110362
25,2080.68,1.00427,0.81176,1.01445,0.81747,0.96504,0.88483,0.65549,1.03935,0.72834,0.98106,0.00108947,0.00108947,0.00108947
26,2164.51,0.99479,0.76681,1.00922,0.79794,0.94641,0.85794,0.62779,1.05743,0.74133,1.0137,0.00107532,0.00107532,0.00107532
27,2243.54,1.02148,0.80107,1.02391,0.84799,0.92449,0.89026,0.67177,1.01188,0.73257,0.98157,0.00106118,0.00106118,0.00106118
28,2326.03,1.00155,0.78079,1.01171,0.82444,0.94964,0.87094,0.66575,0.99585,0.67348,0.98394,0.00104703,0.00104703,0.00104703
29,2405.46,0.99463,0.75466,1.01275,0.8116,0.97327,0.86918,0.64873,1.00506,0.68415,0.9819,0.00103288,0.00103288,0.00103288
30,2489.42,1.00602,0.76558,1.02265,0.81233,0.97122,0.89879,0.6843,1.03416,0.67392,0.96947,0.00101873,0.00101873,0.00101873
31,2575.63,0.97282,0.73884,1.00988,0.81119,0.96854,0.85625,0.64146,0.99059,0.71198,0.98733,0.00100459,0.00100459,0.00100459
32,2657.89,0.96738,0.734,0.99837,0.81814,0.92761,0.89876,0.69592,0.97294,0.66177,0.96701,0.00099044,0.00099044,0.00099044
33,2740.02,0.97044,0.71406,0.99977,0.90575,0.82454,0.89035,0.67332,1.07395,0.66711,1.00624,0.000976293,0.000976293,0.000976293
34,2819.64,0.97145,0.72423,1.01423,0.80828,0.96251,0.87719,0.65504,1.03153,0.6632,0.98199,0.000962146,0.000962146,0.000962146
35,2899.86,0.98896,0.73409,1.00814,0.82305,0.95795,0.89628,0.6871,0.9845,0.66674,0.99039,0.000947999,0.000947999,0.000947999
36,2982.96,0.96879,0.72385,1.00277,0.86565,0.897,0.89902,0.69375,0.96585,0.64524,0.97003,0.000933851,0.000933851,0.000933851
37,3064.43,0.96715,0.69625,0.98911,0.84252,0.94337,0.90327,0.70146,0.97722,0.63165,0.95648,0.000919704,0.000919704,0.000919704
38,3146.99,0.95713,0.68568,1.00444,0.85131,0.89263,0.89958,0.70151,0.96703,0.62755,0.95659,0.000905557,0.000905557,0.000905557
39,3234.82,0.95477,0.70345,0.99365,0.85796,0.89915,0.89239,0.67934,1.01251,0.65092,0.96649,0.00089141,0.00089141,0.00089141
40,3317.68,0.96664,0.69634,0.98993,0.85055,0.898,0.88009,0.67887,0.98171,0.64449,0.97625,0.000877263,0.000877263,0.000877263
41,3398.52,0.97118,0.70446,1.01377,0.85469,0.89195,0.87935,0.67584,0.9907,0.64906,0.98062,0.000863116,0.000863116,0.000863116
42,3482.01,0.96125,0.69168,1.00398,0.82501,0.92797,0.89116,0.68752,1.00625,0.62941,0.96104,0.000848969,0.000848969,0.000848969
43,3562.94,0.95344,0.68214,0.98113,0.834,0.90875,0.89761,0.69858,0.95521,0.62845,0.95811,0.000834822,0.000834822,0.000834822
44,3647.02,0.93482,0.67094,0.98726,0.85532,0.9077,0.89242,0.6978,0.96411,0.59775,0.96465,0.000820675,0.000820675,0.000820675
45,3725.79,0.92673,0.65059,0.98592,0.87239,0.88493,0.89747,0.7092,0.94556,0.60162,0.95413,0.000806528,0.000806528,0.000806528
46,3803.63,0.91541,0.6607,0.97295,0.83758,0.93281,0.87625,0.69212,0.95577,0.6191,0.95659,0.00079238,0.00079238,0.00079238
47,3883.22,0.92735,0.66199,0.99792,0.81985,0.96023,0.90446,0.71374,0.94338,0.63018,0.94891,0.000778233,0.000778233,0.000778233
48,3962.14,0.94032,0.64116,0.99519,0.84119,0.90875,0.88297,0.69004,0.95507,0.60735,0.95845,0.000764086,0.000764086,0.000764086
49,4040.38,0.93079,0.6464,0.98105,0.81172,0.96128,0.89443,0.70322,0.95411,0.61495,0.9628,0.000749939,0.000749939,0.000749939
50,4119.5,0.93997,0.63387,0.99346,0.83389,0.94483,0.88218,0.68189,0.97837,0.58217,0.9622,0.000735792,0.000735792,0.000735792
51,4198.4,0.90908,0.65906,0.97662,0.80918,0.97947,0.86268,0.67221,0.94452,0.5786,0.94523,0.000721645,0.000721645,0.000721645
52,4276.26,0.92243,0.63504,0.96975,0.81216,0.97471,0.85842,0.67506,0.93851,0.58225,0.94182,0.000707498,0.000707498,0.000707498
53,4353.95,0.91891,0.65441,0.97786,0.8171,0.92252,0.86778,0.67628,0.9531,0.58639,0.94613,0.000693351,0.000693351,0.000693351
54,4431.1,0.94227,0.64386,0.98563,0.82217,0.93,0.86623,0.67737,0.94653,0.5951,0.95892,0.000679204,0.000679204,0.000679204
55,4508.11,0.90874,0.6088,0.97895,0.81307,0.94846,0.87256,0.67212,0.98624,0.58363,0.95319,0.000665057,0.000665057,0.000665057
56,4589.3,0.92996,0.63045,0.98885,0.81465,0.97327,0.87805,0.6928,0.94438,0.60042,0.9494,0.000650909,0.000650909,0.000650909
57,4668.58,0.92159,0.61009,0.99212,0.85796,0.86802,0.8763,0.68187,0.95015,0.59081,0.964,0.000636762,0.000636762,0.000636762
58,4747.06,0.91861,0.6094,0.98465,0.81496,0.95656,0.87006,0.67742,0.94798,0.59152,0.96332,0.000622615,0.000622615,0.000622615
59,4825.61,0.90063,0.59345,0.97394,0.83086,0.9389,0.87756,0.69017,0.95026,0.58514,0.94941,0.000608468,0.000608468,0.000608468
60,4903.22,0.91895,0.59823,0.97361,0.82737,0.96381,0.85278,0.66822,0.95391,0.57672,0.94308,0.000594321,0.000594321,0.000594321
61,4981.79,0.90844,0.59984,0.97603,0.82533,0.95432,0.86252,0.6793,0.9352,0.56288,0.94367,0.000580174,0.000580174,0.000580174
62,5060.53,0.89681,0.60046,0.97528,0.82844,0.95404,0.88147,0.69648,0.93443,0.56865,0.94439,0.000566027,0.000566027,0.000566027
63,5138.4,0.89407,0.6048,0.9784,0.82132,0.9435,0.88603,0.69455,0.92314,0.56698,0.9473,0.00055188,0.00055188,0.00055188
64,5216.08,0.87486,0.58836,0.95769,0.82803,0.97395,0.88427,0.70407,0.91413,0.56711,0.93452,0.000537733,0.000537733,0.000537733
65,5292.61,0.88684,0.57796,0.97871,0.8242,0.97497,0.88191,0.69495,0.92484,0.57424,0.94033,0.000523586,0.000523586,0.000523586
66,5370.46,0.90912,0.60238,0.96739,0.81555,0.94336,0.87791,0.69816,0.91794,0.56836,0.9407,0.000509438,0.000509438,0.000509438
67,5447.91,0.90586,0.5852,0.97504,0.81669,0.94329,0.86103,0.68169,0.90241,0.55766,0.93128,0.000495291,0.000495291,0.000495291
68,5526.86,0.88696,0.59501,0.96016,0.82805,0.94329,0.88665,0.70368,0.90653,0.56306,0.92981,0.000481144,0.000481144,0.000481144
69,5606.95,0.85672,0.5838,0.95624,0.80994,0.95273,0.86993,0.68831,0.91145,0.54714,0.93652,0.000466997,0.000466997,0.000466997
70,5690.16,0.9014,0.58314,0.96861,0.81869,0.9623,0.86186,0.67693,0.93794,0.56484,0.94201,0.00045285,0.00045285,0.00045285
71,5770.23,0.86024,0.56737,0.96086,0.82911,0.95324,0.86596,0.68447,0.91272,0.55055,0.93469,0.000438703,0.000438703,0.000438703
72,5850.6,0.84169,0.54994,0.95514,0.82359,0.95239,0.87211,0.69576,0.9022,0.57095,0.93916,0.000424556,0.000424556,0.000424556
73,5929.28,0.84897,0.55927,0.95822,0.82913,0.92797,0.86107,0.68049,0.88903,0.57506,0.93426,0.000410409,0.000410409,0.000410409
74,6006.81,0.86799,0.55086,0.95854,0.81618,0.9195,0.87474,0.69881,0.91838,0.5661,0.93867,0.000396262,0.000396262,0.000396262
75,6085.82,0.84571,0.54905,0.95907,0.83322,0.95404,0.85831,0.69086,0.89059,0.55495,0.93393,0.000382115,0.000382115,0.000382115
76,6164.29,0.8439,0.56263,0.95039,0.82512,0.9752,0.85583,0.6819,0.87719,0.55104,0.92633,0.000367967,0.000367967,0.000367967
77,6248.37,0.84279,0.54355,0.95557,0.80371,0.95383,0.85822,0.68328,0.90194,0.55079,0.93007,0.00035382,0.00035382,0.00035382
78,6333.53,0.84737,0.55926,0.95817,0.83399,0.97555,0.86535,0.69138,0.88652,0.54715,0.92386,0.000339673,0.000339673,0.000339673
79,6414.74,0.8395,0.55483,0.9411,0.82384,0.94329,0.86953,0.7004,0.88942,0.52822,0.92733,0.000325526,0.000325526,0.000325526
80,6500.6,0.84754,0.54002,0.96444,0.82311,0.96251,0.85903,0.68758,0.89047,0.54028,0.93225,0.000311379,0.000311379,0.000311379
81,6584.62,0.83528,0.52737,0.95635,0.82577,0.96557,0.86715,0.70488,0.8724,0.53549,0.93156,0.000297232,0.000297232,0.000297232
82,6662.37,0.83534,0.5328,0.94873,0.81917,0.95973,0.87174,0.70788,0.87405,0.53985,0.92715,0.000283085,0.000283085,0.000283085
83,6746.55,0.84753,0.54267,0.95346,0.81861,0.96398,0.86379,0.68376,0.87897,0.55574,0.92536,0.000268938,0.000268938,0.000268938
84,6832.96,0.85456,0.55699,0.95443,0.79584,0.95256,0.85503,0.67751,0.88118,0.55916,0.92907,0.000254791,0.000254791,0.000254791
85,6912.3,0.82793,0.53945,0.94148,0.82821,0.93593,0.84563,0.67584,0.89521,0.55123,0.9355,0.000240644,0.000240644,0.000240644
86,6998.21,0.8441,0.53019,0.95355,0.82885,0.94329,0.84947,0.67875,0.87482,0.55407,0.92588,0.000226497,0.000226497,0.000226497
87,7078.34,0.83337,0.52493,0.94224,0.81701,0.93826,0.84581,0.6828,0.86392,0.54857,0.92732,0.000212349,0.000212349,0.000212349
88,7161.97,0.80578,0.5148,0.94088,0.82947,0.93254,0.84976,0.68121,0.89331,0.53787,0.9272,0.000198202,0.000198202,0.000198202
89,7244.84,0.81936,0.51549,0.94296,0.82734,0.93254,0.85034,0.68862,0.86629,0.53546,0.92413,0.000184055,0.000184055,0.000184055
90,7326.28,0.79907,0.50816,0.93867,0.80969,0.92179,0.83935,0.68213,0.87885,0.53467,0.92222,0.000169908,0.000169908,0.000169908
91,7407.28,0.8271,0.4919,0.96333,0.82138,0.93087,0.84328,0.6806,0.87677,0.55934,0.92437,0.000155761,0.000155761,0.000155761
92,7487.13,0.81489,0.49094,0.95477,0.80491,0.94399,0.83953,0.67831,0.86755,0.5567,0.92483,0.000141614,0.000141614,0.000141614
93,7562.59,0.81299,0.48002,0.95415,0.80404,0.94557,0.8467,0.68337,0.87178,0.552,0.92324,0.000127467,0.000127467,0.000127467
94,7636.78,0.80142,0.48209,0.95182,0.80878,0.93254,0.83767,0.67447,0.86771,0.54413,0.92433,0.00011332,0.00011332,0.00011332
95,7710.84,0.8196,0.48216,0.94808,0.81912,0.92179,0.84297,0.68337,0.87023,0.55237,0.92515,9.91726e-05,9.91726e-05,9.91726e-05
96,7785.14,0.8139,0.47726,0.95235,0.82113,0.91975,0.84195,0.68216,0.87151,0.55323,0.92565,8.50255e-05,8.50255e-05,8.50255e-05
97,7860.11,0.79869,0.47567,0.94472,0.81892,0.9195,0.84536,0.68343,0.86859,0.54941,0.92626,7.08784e-05,7.08784e-05,7.08784e-05
98,7934.71,0.79865,0.46494,0.94148,0.80888,0.93254,0.84692,0.6835,0.86673,0.5435,0.92435,5.67313e-05,5.67313e-05,5.67313e-05
99,8009.16,0.79747,0.46501,0.94769,0.82002,0.92954,0.84578,0.68039,0.8652,0.54158,0.92282,4.25842e-05,4.25842e-05,4.25842e-05
100,8083.47,0.80995,0.45689,0.94415,0.81998,0.9294,0.84415,0.67845,0.8627,0.53902,0.92303,2.84371e-05,2.84371e-05,2.84371e-05
